Model,Release Date
MacBook Air (M3),04/03/24
"MacBook Pro (14-inch & 16-inch, M3)",30/10/23
"MacBook Pro (14-inch & 16-inch, M2 Pro/M2 Max)",17/01/23
"MacBook Pro (13-inch, M2)",06/06/22
MacBook Air (M2),15/07/22
"MacBook Pro (14-inch & 16-inch, M1)",18/10/21
MacBook Air (M1),17/11/20
"MacBook Pro (13-inch, M1)",17/11/20
MacBook Pro (16-inch),13/11/19
MacBook Air,09/07/19
MacBook Pro (15-inch),21/05/19
MacBook Pro (15-inch),12/07/18
MacBook Air,09/07/18
MacBook Pro (15-inch),05/06/17
MacBook Pro,27/10/16
MacBook,10/04/15
"MacBook Pro (Retina, 15-inch)",09/03/15
MacBook Pro with Retina Display,11/06/12
MacBook,14/10/08
MacBook Air,15/01/08
MacBook,16/05/06
MacBook Pro (15-inch),10/01/06
MacBook Pro,10/01/06
PowerBook Titanium G4,09/01/01
iBook G3,21/07/99
PowerBook G3,10/11/97
PowerBook 500,16/05/94
PowerBook 100,21/10/91
,